{
    "all_chem": {
        "_feat_ASA": [
            [
                0.07348048686981201,
                0
            ],
            [
                2.0,
                29
            ]
        ],
        "_feat_ASA+": [
            [
                0.021740008145570755,
                0
            ],
            [
                20.0,
                51
            ]
        ],
        "_feat_ASA-": [
            [
                0.03881567716598511,
                0
            ],
            [
                7.0,
                4
            ]
        ],
        "_feat_ASA_H": [
            [
                0.016154035925865173,
                0
            ],
            [
                28.0,
                28
            ]
        ],
        "_feat_ASA_P": [
            [
                0.03745356574654579,
                0
            ],
            [
                8.0,
                24
            ]
        ],
        "_feat_Accsitecount": [
            [
                0.0,
                0
            ],
            [
                53.0,
                53
            ]
        ],
        "_feat_Aliphatic AtomCount": [
            [
                0.008957699872553349,
                0
            ],
            [
                31.0,
                26
            ]
        ],
        "_feat_AliphaticRingCount": [
            [
                0.0,
                0
            ],
            [
                34.0,
                32
            ]
        ],
        "_feat_AromaticAtomCount": [
            [
                0.0,
                0
            ],
            [
                36.0,
                34
            ]
        ],
        "_feat_AromaticRingCount": [
            [
                0.0,
                0
            ],
            [
                35.0,
                33
            ]
        ],
        "_feat_AtomCount_C": [
            [
                0.021699797362089157,
                0
            ],
            [
                21.0,
                5
            ]
        ],
        "_feat_AtomCount_N": [
            [
                0.012330027297139168,
                0
            ],
            [
                30.0,
                19
            ]
        ],
        "_feat_AvgPol": [
            [
                0.02869991771876812,
                0
            ],
            [
                17.0,
                11
            ]
        ],
        "_feat_BalabanIndex": [
            [
                0.06469670683145523,
                0
            ],
            [
                3.0,
                21
            ]
        ],
        "_feat_BondCount": [
            [
                0.0,
                0
            ],
            [
                37.0,
                35
            ]
        ],
        "_feat_CarboRingCount": [
            [
                0.0,
                0
            ],
            [
                40.0,
                38
            ]
        ],
        "_feat_CarboaliphaticRingCount": [
            [
                0.0,
                0
            ],
            [
                38.0,
                36
            ]
        ],
        "_feat_CarboaromaticRingCount": [
            [
                0.0,
                0
            ],
            [
                39.0,
                37
            ]
        ],
        "_feat_ChainAtomCount": [
            [
                0.033762384206056595,
                0
            ],
            [
                13.0,
                9
            ]
        ],
        "_feat_ChiralCenterCount": [
            [
                0.0,
                0
            ],
            [
                41.0,
                39
            ]
        ],
        "_feat_CyclomaticNumber": [
            [
                0.0,
                0
            ],
            [
                47.0,
                46
            ]
        ],
        "_feat_HeteroaliphaticRingCount": [
            [
                0.0,
                0
            ],
            [
                45.0,
                43
            ]
        ],
        "_feat_HeteroaromaticRing Count": [
            [
                0.0,
                0
            ],
            [
                46.0,
                44
            ]
        ],
        "_feat_HyperWienerIndex": [
            [
                0.0,
                0
            ],
            [
                48.0,
                47
            ]
        ],
        "_feat_LargestRingSize": [
            [
                0.0,
                0
            ],
            [
                44.0,
                42
            ]
        ],
        "_feat_LengthPerpendicularToTheMaxArea": [
            [
                0.03136515989899635,
                0
            ],
            [
                15.0,
                7
            ]
        ],
        "_feat_LengthPerpendicularToTheMinArea": [
            [
                0.02534947544336319,
                0
            ],
            [
                19.0,
                13
            ]
        ],
        "_feat_MaximalProjectionArea": [
            [
                0.017486615106463432,
                0
            ],
            [
                25.0,
                50
            ]
        ],
        "_feat_MaximalProjectionRadius": [
            [
                0.03909354656934738,
                0
            ],
            [
                5.0,
                16
            ]
        ],
        "_feat_MinimalProjectionArea": [
            [
                0.029596833512187004,
                0
            ],
            [
                16.0,
                3
            ]
        ],
        "_feat_MinimalProjectionRadius": [
            [
                0.09205208718776703,
                0
            ],
            [
                1.0,
                25
            ]
        ],
        "_feat_MolPol": [
            [
                0.0,
                0
            ],
            [
                33.0,
                31
            ]
        ],
        "_feat_PolarSurfaceArea": [
            [
                0.0,
                0
            ],
            [
                52.0,
                52
            ]
        ],
        "_feat_Refractivity": [
            [
                0.035913679748773575,
                0
            ],
            [
                11.0,
                12
            ]
        ],
        "_feat_RingAtomCount": [
            [
                0.0,
                0
            ],
            [
                42.0,
                40
            ]
        ],
        "_feat_RotatableBondCount": [
            [
                0.027853328734636307,
                0
            ],
            [
                18.0,
                45
            ]
        ],
        "_feat_SmallestRingSize": [
            [
                0.0,
                0
            ],
            [
                43.0,
                41
            ]
        ],
        "_feat_VanderWaalsSurfaceArea": [
            [
                0.03665457293391228,
                0
            ],
            [
                10.0,
                1
            ]
        ],
        "_feat_VanderWaalsVolume": [
            [
                0.0,
                0
            ],
            [
                51.0,
                27
            ]
        ],
        "_feat_WienerIndex": [
            [
                0.0,
                0
            ],
            [
                49.0,
                48
            ]
        ],
        "_feat_WienerPolarity": [
            [
                0.0,
                0
            ],
            [
                50.0,
                49
            ]
        ],